PLR-ID;PLR-Name;EW 31.12.2020;zS1;zS3;zS4;Status-summe;Status-Index (standardisierte Statussumme);Zuordnung Klasse Status-Index ;zD1;zD3;zD4;Dynamik-summe;Dynamik-Index (standardisierte Dynamik-summe);Zuordnung Klasse Dynamik-Index 
01100101;Stülerstraße;3419;-0.25;-0.41;-0.31;-0.97;-0.33;mittel;0.41;0.91;1.31;2.64;1.27;negativ
01100102;Großer Tiergarten;1791;-1.30;-1.05;-0.97;-3.32;-1.12;hoch;-0.92;1.28;1.57;1.93;0.93;stabil
01100103;Lützowstraße;5211;0.12;0.65;0.49;1.25;0.42;mittel;-0.16;-0.82;-1.00;-1.99;-0.96;stabil
01100104;Körnerstraße;4636;0.41;1.00;0.92;2.34;0.79;mittel;0.18;0.16;-0.42;-0.08;-0.04;stabil
01100205;Wilhelmstraße;2573;-0.71;-0.65;-0.29;-1.64;-0.56;mittel;-0.63;-0.47;0.46;-0.64;-0.31;stabil
01100206;Unter den Linden;1803;-0.96;-0.85;-0.70;-2.50;-0.85;mittel;-0.56;1.63;1.60;2.68;1.29;negativ
01100207;Leipziger Straße;8312;-0.75;-0.60;-0.34;-1.69;-0.57;mittel;-0.38;0.27;-0.11;-0.22;-0.10;stabil
01100308;Charitéviertel;6967;-1.22;-1.17;-1.19;-3.59;-1.21;hoch;-0.72;0.60;0.39;0.27;0.13;stabil
01100309;Oranienburger Straße;12352;-0.69;-0.65;-0.70;-2.04;-0.69;mittel;-0.20;0.98;0.73;1.51;0.73;stabil
01100310;Alexanderplatzviertel;9903;-0.37;-0.38;-0.25;-1.00;-0.34;mittel;-0.34;0.69;0.41;0.75;0.36;stabil
01100311;Karl-Marx-Allee;9013;0.61;0.27;0.85;1.74;0.59;mittel;1.33;0.43;0.62;2.37;1.14;negativ
01100312;Heine-Viertel West;9422;-0.64;-0.77;-0.64;-2.05;-0.69;mittel;-0.43;0.27;-0.54;-0.71;-0.34;stabil
01100313;Heine-Viertel Ost;10779;-0.72;-0.66;-0.50;-1.88;-0.63;mittel;-0.41;0.51;0.41;0.52;0.25;stabil
01100414;Nordbahnhof;5178;-1.05;-0.95;-0.91;-2.90;-0.98;mittel;-0.48;0.31;0.56;0.38;0.18;stabil
01100415;Invalidenstraße;12593;-0.99;-0.91;-1.05;-2.95;-1.00;mittel;-0.60;0.59;0.19;0.17;0.08;stabil
01100416;Arkonaplatz;13443;-0.98;-1.04;-1.13;-3.15;-1.07;hoch;-0.20;0.84;0.79;1.43;0.69;stabil
01200517;Huttenkiez;3725;1.18;1.55;2.05;4.79;1.62;sehr niedrig;0.53;-1.77;-1.95;-3.19;-1.53;positiv
01200518;Beusselkiez;6866;1.00;1.20;1.59;3.79;1.28;niedrig;0.69;-1.16;-0.21;-0.67;-0.32;stabil
01200519;Emdener Straße;9103;0.91;0.77;1.04;2.72;0.92;mittel;1.22;-1.65;-1.59;-2.02;-0.97;stabil
01200520;Bremer Straße;9433;0.39;0.38;0.40;1.17;0.40;mittel;0.57;-0.60;-0.21;-0.25;-0.12;stabil
01200521;Zwinglistraße;5235;0.91;1.38;1.61;3.90;1.32;niedrig;1.11;-0.41;0.20;0.90;0.43;stabil
01200522;Elberfelder Straße;11333;-0.45;-0.48;-0.65;-1.58;-0.54;mittel;-0.54;-0.27;-0.49;-1.29;-0.62;stabil
01200623;Stephankiez;10825;0.25;0.39;0.25;0.89;0.30;mittel;0.67;-0.69;-1.14;-1.16;-0.56;stabil
01200624;Heidestraße;5178;-0.49;-0.22;-0.17;-0.88;-0.30;mittel;-2.85;-4.36;-2.78;-9.99;-4.80;positiv
01200625;Lübecker Straße;6976;1.53;1.59;1.37;4.49;1.52;sehr niedrig;1.78;-1.47;-0.44;-0.13;-0.06;stabil
01200626;Thomasiusstraße;5935;-0.53;-0.36;-0.47;-1.37;-0.46;mittel;-0.05;0.11;1.02;1.08;0.52;stabil
01200627;Zillesiedlung;3280;2.12;2.09;1.31;5.52;1.87;sehr niedrig;3.78;0.54;2.59;6.91;3.32;negativ
01200628;Lüneburger Straße;3132;-0.68;-0.35;-0.67;-1.70;-0.58;mittel;-1.64;0.24;0.03;-1.37;-0.66;stabil
01200629;Hansaviertel;5807;-0.79;-0.59;-0.63;-2.01;-0.68;mittel;-0.83;0.28;0.13;-0.43;-0.21;stabil
01300730;Drontheimer Straße;7957;2.68;2.68;2.45;7.81;2.64;sehr niedrig;3.24;-2.01;-0.35;0.88;0.43;stabil
01300731;Koloniestraße;8545;1.93;2.17;2.25;6.35;2.15;sehr niedrig;1.84;-1.90;-0.11;-0.16;-0.08;stabil
01300732;Soldiner Straße;9879;1.99;2.36;2.23;6.57;2.22;sehr niedrig;1.82;-1.45;-1.11;-0.74;-0.36;stabil
01300733;Gesundbrunnen;11665;1.47;1.83;1.89;5.19;1.76;sehr niedrig;2.01;-0.46;0.46;2.01;0.96;stabil
01300834;Brunnenstraße;14193;1.86;2.32;1.67;5.85;1.98;sehr niedrig;2.51;-1.35;-0.53;0.63;0.30;stabil
01300835;Humboldthain Süd;10443;0.91;1.30;1.22;3.42;1.16;niedrig;1.22;-0.67;-0.20;0.35;0.17;stabil
01300836;Humboldthain Nordwest;14657;1.94;2.14;2.22;6.30;2.13;sehr niedrig;2.14;-1.32;0.16;0.98;0.47;stabil
01400937;Afrikanische Straße;10804;1.05;0.92;1.10;3.07;1.04;niedrig;0.91;-0.90;-1.11;-1.10;-0.53;stabil
01400938;Kameruner Straße;9725;0.94;0.93;1.31;3.19;1.08;niedrig;1.23;-0.62;-0.70;-0.08;-0.04;stabil
01400939;Glasgower Straße;5926;1.05;0.94;1.24;3.23;1.09;niedrig;1.34;-0.71;-0.38;0.26;0.12;stabil
01400940;Schillerpark;6794;0.99;0.80;1.13;2.92;0.99;mittel;1.38;-1.41;-0.49;-0.52;-0.25;stabil
01400941;Londoner Straße;3786;0.70;0.44;1.07;2.21;0.75;mittel;1.21;-0.53;-0.44;0.24;0.12;stabil
01400942;Westliche Müllerstraße;8643;0.74;0.88;1.39;3.01;1.02;niedrig;0.55;-1.33;-1.46;-2.24;-1.07;positiv
01401043;Antonstraße;7739;1.97;2.27;2.14;6.38;2.16;sehr niedrig;1.09;-1.56;-0.62;-1.09;-0.52;stabil
01401044;Uferstraße;10224;1.82;2.17;2.27;6.26;2.12;sehr niedrig;1.87;-1.72;-1.54;-1.39;-0.67;stabil
01401045;Schwedenstraße;5722;2.02;2.33;2.13;6.47;2.19;sehr niedrig;3.40;-1.14;0.04;2.29;1.10;negativ
01401046;Nordufer;8781;0.71;0.57;0.61;1.89;0.64;mittel;0.50;-1.01;-1.75;-2.26;-1.09;positiv
01401047;Sparrplatz;7867;1.01;1.13;1.63;3.77;1.28;niedrig;1.07;-2.13;-1.58;-2.63;-1.27;positiv
01401048;Leopoldplatz;9098;1.33;1.52;1.64;4.49;1.52;sehr niedrig;0.91;-1.48;-0.13;-0.69;-0.33;stabil
01401049;Schulstraße;6689;2.16;2.26;2.44;6.85;2.32;sehr niedrig;1.86;-1.56;-0.15;0.16;0.07;stabil
02100101;Askanischer Platz;6281;1.17;1.45;1.18;3.81;1.29;niedrig;1.38;0.68;1.32;3.37;1.62;negativ
02100102;Mehringplatz;8647;2.06;2.32;1.74;6.12;2.07;sehr niedrig;1.55;-0.79;-0.41;0.35;0.17;stabil
02100103;Am Berlin Museum;5382;1.86;2.02;1.57;5.46;1.85;sehr niedrig;1.83;-0.67;1.27;2.43;1.17;negativ
02100104;Moritzplatz;5567;2.40;2.24;1.95;6.59;2.23;sehr niedrig;1.30;-0.37;1.20;2.12;1.02;negativ
02100105;Prinzenstraße;9604;2.70;2.66;2.36;7.72;2.61;sehr niedrig;1.08;-1.52;0.07;-0.38;-0.18;stabil
02100106;Wassertorplatz;5009;2.48;2.61;2.23;7.32;2.48;sehr niedrig;2.30;-0.72;0.71;2.29;1.10;negativ
02200207;Gleisdreieck;2067;-1.35;-1.11;-1.10;-3.57;-1.21;hoch;-1.07;0.48;0.20;-0.39;-0.19;stabil
02200208;Rathaus Yorckstraße;6008;0.18;0.21;-0.01;0.37;0.13;mittel;0.04;-0.29;-0.59;-0.84;-0.40;stabil
02200209;Viktoriapark;10969;-0.29;-0.36;-0.51;-1.16;-0.39;mittel;-0.31;-0.09;-0.16;-0.56;-0.27;stabil
02200210;Urbanstraße;12384;-0.11;-0.11;-0.31;-0.53;-0.18;mittel;0.13;0.09;0.13;0.36;0.17;stabil
02200211;Chamissokiez;14760;-0.12;-0.15;-0.43;-0.70;-0.24;mittel;0.19;0.40;-0.17;0.42;0.20;stabil
02200212;Graefekiez Süd;8602;1.02;0.91;0.62;2.54;0.86;mittel;1.53;-0.80;-0.21;0.52;0.25;stabil
02200213;Graefekiez Nord;10284;-0.05;0.07;-0.41;-0.38;-0.13;mittel;-0.01;0.36;-0.10;0.25;0.12;stabil
02300314;Oranienplatz;7587;1.79;1.51;1.40;4.70;1.59;sehr niedrig;2.14;-0.15;0.85;2.84;1.36;negativ
02300315;Lausitzer Platz;8723;1.16;1.23;0.76;3.15;1.07;niedrig;1.49;-0.03;0.59;2.05;0.99;stabil
02300316;Köpenicker Straße;4215;0.57;0.74;0.45;1.76;0.60;mittel;-0.15;-0.09;0.86;0.63;0.30;stabil
02300417;Reichenberger Straße West;8433;0.92;0.82;0.52;2.26;0.77;mittel;0.93;-0.55;-0.84;-0.46;-0.22;stabil
02300418;Reichenberger Straße Ost;7710;0.59;0.36;-0.04;0.90;0.31;mittel;0.91;-0.30;-0.62;-0.01;0.00;stabil
02300419;Wrangelkiez;10903;0.43;0.29;0.00;0.71;0.24;mittel;0.16;-0.08;0.34;0.42;0.20;stabil
02400520;Barnimkiez;5451;0.73;0.02;0.53;1.27;0.43;mittel;0.97;-0.56;-0.61;-0.20;-0.10;stabil
02400521;Friedenstraße;7858;-0.20;-0.31;-0.17;-0.68;-0.23;mittel;0.46;-0.04;-0.32;0.10;0.05;stabil
02400522;Richard-Sorge-Viertel;11262;-0.57;-0.62;-0.68;-1.87;-0.63;mittel;-0.48;0.39;0.07;-0.01;-0.01;stabil
02400623;Andreasviertel;13307;0.28;0.34;0.76;1.38;0.47;mittel;0.16;0.35;-0.33;0.18;0.09;stabil
02400624;Weberwiese;11314;-0.46;-0.71;-0.82;-1.98;-0.67;mittel;0.09;0.69;0.88;1.66;0.80;stabil
02400625;Wriezener Bahnhof;1136;0.35;0.96;1.99;3.30;1.12;niedrig;-0.46;-1.57;0.05;-1.98;-0.95;stabil
02500726;Hausburgviertel;9134;-0.08;-0.25;-0.35;-0.69;-0.23;mittel;-0.25;0.73;0.58;1.07;0.51;stabil
02500727;Forckenbeckplatz;6623;-0.39;-0.35;-0.62;-1.36;-0.46;mittel;-0.75;0.42;0.13;-0.20;-0.10;stabil
02500728;Samariterviertel;10109;-0.21;-0.51;-0.81;-1.53;-0.52;mittel;0.17;0.21;-0.08;0.31;0.15;stabil
02500729;Pettenkofer Straße;5441;-0.31;-0.48;-0.73;-1.52;-0.52;mittel;-0.07;0.20;0.00;0.13;0.06;stabil
02500830;Niederbarnimstraße;3931;-0.16;-0.44;-0.79;-1.40;-0.47;mittel;-0.36;0.53;-0.21;-0.04;-0.02;stabil
02500831;Wismarplatz;7877;-0.02;-0.15;-0.20;-0.38;-0.13;mittel;0.07;0.28;-0.32;0.03;0.01;stabil
02500832;Traveplatz;9064;0.16;0.02;-0.04;0.14;0.05;mittel;-0.35;-0.92;-0.57;-1.84;-0.88;stabil
02500833;Boxhagener Platz;10190;-0.38;-0.54;-0.44;-1.36;-0.46;mittel;-0.50;0.66;0.77;0.93;0.45;stabil
02500834;Revaler Straße;11378;-0.69;-0.73;-0.91;-2.34;-0.79;mittel;-0.47;0.64;0.14;0.31;0.15;stabil
02500835;Stralauer Kiez;7868;-0.26;-0.40;-0.34;-1.00;-0.34;mittel;0.05;0.46;0.30;0.82;0.39;stabil
02500836;Stralauer Halbinsel;4709;-1.20;-1.05;-1.24;-3.49;-1.18;hoch;-0.95;1.26;0.56;0.87;0.42;stabil
03100101;Bucher Forst;4499;1.01;-0.32;-0.73;-0.04;-0.01;mittel;1.78;0.23;-0.13;1.88;0.90;stabil
03100102;Klinikum Buch;3214;0.46;-0.03;0.03;0.45;0.15;mittel;0.97;0.67;1.32;2.96;1.42;negativ
03100103;Karower Chaussee;8979;0.96;0.48;0.50;1.95;0.66;mittel;0.60;-0.82;-0.55;-0.78;-0.37;stabil
03200204;Blankenfelde;2058;-1.07;-1.17;-1.22;-3.45;-1.17;hoch;-0.67;-0.09;-0.08;-0.84;-0.40;stabil
03200205;Uhlandstraße;8696;-1.07;-0.93;-1.11;-3.12;-1.05;hoch;-0.70;0.76;0.27;0.32;0.15;stabil
03200206;Pastor-Niemöller-Platz;6404;-0.86;-0.80;-1.05;-2.71;-0.92;mittel;-1.17;0.87;0.13;-0.17;-0.08;stabil
03200207;Herthaplatz;11464;-0.64;-0.71;-0.79;-2.14;-0.73;mittel;-0.38;0.38;0.34;0.33;0.16;stabil
03200308;Nisbléstraße;5220;-1.10;-1.04;-1.18;-3.32;-1.12;hoch;-0.57;0.06;-0.18;-0.69;-0.33;stabil
03200309;Eddastraße;5238;-0.87;-0.87;-0.96;-2.70;-0.91;mittel;-0.57;-0.14;-0.59;-1.30;-0.62;stabil
03200310;Krugpfuhl;7961;-0.98;-0.79;-0.86;-2.64;-0.89;mittel;-0.52;0.13;-0.03;-0.42;-0.20;stabil
03300411;Karow Nord;11455;-0.35;0.01;-0.08;-0.43;-0.15;mittel;0.15;1.16;0.82;2.13;1.02;negativ
03300412;Karow Bahnhof;5138;-1.28;-1.28;-1.35;-3.90;-1.32;hoch;-0.74;0.36;0.09;-0.28;-0.13;stabil
03300413;Karow Ost;3101;-1.45;-1.27;-1.31;-4.03;-1.36;hoch;-1.26;0.43;0.17;-0.65;-0.31;stabil
03300514;Blankenburg;6875;-1.31;-1.19;-1.23;-3.73;-1.26;hoch;-0.98;1.30;0.82;1.15;0.55;stabil
03300515;Blankenburger Süden;38;;;;;;;;;;;;
03300516;Heinersdorf;7779;-0.62;-0.75;-0.72;-2.08;-0.71;mittel;0.22;1.29;1.55;3.06;1.47;negativ
03300517;Märchenland;1120;-1.38;-1.35;-1.22;-3.95;-1.34;hoch;-1.16;0.00;-0.31;-1.47;-0.71;stabil
03400618;Rosenthal;4742;-1.07;-1.08;-1.19;-3.34;-1.13;hoch;-0.65;0.47;-0.05;-0.23;-0.11;stabil
03400619;Wilhelmsruh;10438;-0.81;-0.90;-0.87;-2.58;-0.87;mittel;-0.58;0.81;0.47;0.70;0.34;stabil
03400620;Schönholz;3509;-1.04;-0.96;-1.32;-3.32;-1.12;hoch;-0.82;1.41;0.07;0.66;0.32;stabil
03400721;Florakiez;11438;-0.71;-0.77;-1.02;-2.50;-0.85;mittel;-0.58;0.70;0.66;0.78;0.38;stabil
03400722;Parkstraße;3607;-1.11;-1.06;-1.21;-3.37;-1.14;hoch;-0.95;0.56;0.47;0.08;0.04;stabil
03400723;Garbátyplatz;7112;-0.42;-0.66;-0.78;-1.86;-0.63;mittel;-0.33;-0.26;0.52;-0.07;-0.03;stabil
03400724;Wolfshagener Straße;7633;-0.45;-0.50;-0.55;-1.50;-0.51;mittel;-0.30;0.31;0.16;0.17;0.08;stabil
03400725;Schlosspark;7450;-0.51;-0.58;-0.55;-1.64;-0.56;mittel;-0.22;0.33;0.81;0.93;0.45;stabil
03400826;Tiroler Viertel;6620;-0.48;-0.64;-0.73;-1.85;-0.62;mittel;-0.15;0.14;0.39;0.37;0.18;stabil
03400827;Trelleborger Viertel;9628;-0.46;-0.72;-0.84;-2.02;-0.68;mittel;-0.29;0.27;0.54;0.51;0.25;stabil
03400828;Spiekermann Straße;4615;-0.73;-0.84;-0.95;-2.52;-0.85;mittel;-1.44;-0.19;-0.54;-2.17;-1.04;positiv
03400829;Arnold-Zweig-Straße;5583;-0.72;-0.64;-0.67;-2.03;-0.69;mittel;-0.17;0.37;0.53;0.73;0.35;stabil
03400830;Kissingenviertel;9292;-0.20;-0.37;-0.34;-0.91;-0.31;mittel;0.10;0.64;0.81;1.55;0.74;stabil
03400831;Pankower Tor;0;;;;;;;;;;;;
03500932;Bühringstraße;5096;0.04;-0.30;-0.22;-0.47;-0.16;mittel;-0.80;-2.23;-1.89;-4.91;-2.36;positiv
03500933;Weißer See;7551;-0.63;-0.63;-0.82;-2.08;-0.70;mittel;-0.66;0.57;0.50;0.41;0.20;stabil
03500934;Weißenseer Spitze;10049;-0.13;-0.64;-0.90;-1.67;-0.56;mittel;0.46;-0.45;-0.25;-0.23;-0.11;stabil
03500935;Behaimstraße;6407;-0.05;-0.49;-0.88;-1.42;-0.48;mittel;-0.80;-1.11;-1.01;-2.92;-1.40;positiv
03500936;Komponistenviertel Weißensee;9819;-0.40;-0.42;-0.54;-1.36;-0.46;mittel;-0.66;0.42;0.71;0.47;0.23;stabil
03501037;Rathaus Weißensee;8509;0.54;-0.27;-0.13;0.13;0.05;mittel;0.60;-0.65;-0.67;-0.72;-0.35;stabil
03501038;Hansastraße;7324;-0.55;-0.48;-0.25;-1.28;-0.43;mittel;-0.14;0.03;-0.22;-0.32;-0.16;stabil
03601139;Norweger Viertel;3795;-0.11;-0.47;-0.62;-1.21;-0.41;mittel;-0.51;0.00;-0.56;-1.07;-0.51;stabil
03601140;Malmöer Straße;5884;-0.61;-0.87;-1.19;-2.67;-0.90;mittel;-0.51;-0.06;-0.04;-0.61;-0.29;stabil
03601141;Arnimplatz;6576;-0.64;-0.76;-0.89;-2.29;-0.77;mittel;-0.14;0.27;0.57;0.69;0.33;stabil
03601142;Falkplatz;10744;-0.69;-0.84;-1.11;-2.63;-0.89;mittel;-0.37;0.85;0.32;0.81;0.39;stabil
03601243;Rodenbergstraße;7032;-0.86;-0.90;-1.12;-2.88;-0.98;mittel;-0.71;0.36;0.12;-0.23;-0.11;stabil
03601244;Humannplatz;7600;-0.84;-0.89;-1.05;-2.77;-0.94;mittel;-0.67;0.50;0.37;0.21;0.10;stabil
03601245;Ostseestraße;12813;-0.20;-0.42;-0.41;-1.02;-0.35;mittel;0.14;-0.25;-0.55;-0.65;-0.31;stabil
03601346;Gethsemanekirche;5470;-0.60;-0.60;-0.88;-2.08;-0.70;mittel;-0.47;0.69;0.43;0.64;0.31;stabil
03601347;Helmholtzplatz;9548;-0.54;-0.66;-0.99;-2.19;-0.74;mittel;-0.26;0.58;0.37;0.69;0.33;stabil
03601348;Senefelderstraße;7516;-0.54;-0.81;-1.12;-2.47;-0.84;mittel;-0.23;0.77;0.58;1.12;0.54;stabil
03601449;Michelangelostraße;9970;0.76;-0.05;0.65;1.36;0.46;mittel;0.92;0.07;-0.18;0.81;0.39;stabil
03601450;Volkspark Prenzlauer Berg;3965;2.94;1.69;1.56;6.20;2.10;sehr niedrig;3.91;3.28;4.27;11.47;5.51;negativ
03601451;Anton-Saefkow-Park;6373;-0.37;-0.54;-0.88;-1.80;-0.61;mittel;-0.24;0.33;0.62;0.71;0.34;stabil
03601452;Velodrom;4063;0.17;-0.03;0.02;0.16;0.05;mittel;0.00;0.32;-0.34;-0.02;-0.01;stabil
03601453;Alter Schlachthof;2825;-1.51;-1.35;-1.43;-4.29;-1.45;hoch;-0.91;0.92;0.28;0.29;0.14;stabil
03701554;Teutoburger Platz;11328;-0.91;-0.87;-1.08;-2.87;-0.97;mittel;-0.71;0.83;0.09;0.21;0.10;stabil
03701555;Sredzkistraße;7274;-0.70;-0.94;-1.16;-2.80;-0.95;mittel;-0.51;0.75;0.59;0.83;0.40;stabil
03701556;Kollwitzplatz;8656;-1.02;-0.94;-1.10;-3.05;-1.03;hoch;-0.65;0.91;0.81;1.07;0.51;stabil
03701657;Thälmannpark;3188;0.56;0.16;-0.01;0.72;0.24;mittel;0.55;0.29;1.49;2.33;1.12;negativ
03701658;Christburger Straße;8448;-0.75;-0.86;-1.08;-2.69;-0.91;mittel;-0.37;0.70;0.54;0.87;0.42;stabil
03701659;Immanuelkirchstraße;9164;-0.76;-0.84;-0.99;-2.59;-0.88;mittel;-0.44;0.84;0.37;0.76;0.37;stabil
03701660;Bötzowstraße;12823;-0.82;-0.85;-1.10;-2.77;-0.94;mittel;-0.83;0.86;0.54;0.57;0.27;stabil
04100101;Jungfernheide/Plötzensee;11548;0.87;0.83;1.17;2.87;0.97;mittel;-0.37;-0.76;-1.22;-2.36;-1.13;positiv
04100102;Paul-Hertz-Siedlung;7855;1.98;1.87;1.57;5.42;1.83;sehr niedrig;1.03;-1.05;-0.31;-0.33;-0.16;stabil
04200203;Olympiagelände;1482;-1.14;-1.27;-1.04;-3.45;-1.17;hoch;-1.17;0.49;0.64;-0.04;-0.02;stabil
04200204;Angerburger Allee;2832;-0.69;-0.81;-0.79;-2.29;-0.77;mittel;-0.50;1.03;-0.30;0.23;0.11;stabil
04200205;Flatowallee;2569;-1.09;-1.12;-1.01;-3.22;-1.09;hoch;-0.82;0.45;0.28;-0.08;-0.04;stabil
04200206;Kranzallee;2963;-1.03;-1.01;-1.02;-3.07;-1.04;hoch;-0.60;0.66;0.98;1.04;0.50;stabil
04200207;Eichkamp;3192;-1.53;-1.33;-1.28;-4.14;-1.40;hoch;-1.27;0.76;0.12;-0.38;-0.18;stabil
04200308;Branitzer Platz;6379;-0.67;-0.53;-0.30;-1.50;-0.51;mittel;-0.14;1.91;2.95;4.72;2.27;negativ
04200309;Neu Westend;6936;-0.83;-0.91;-0.86;-2.60;-0.88;mittel;-0.88;0.66;1.04;0.82;0.39;stabil
04200310;Fürstenplatz;7809;-0.53;-0.69;-0.67;-1.89;-0.64;mittel;0.33;0.94;0.82;2.09;1.00;negativ
04200311;Königin-Elisabeth-Straße;7218;-0.11;-0.45;-0.34;-0.90;-0.30;mittel;0.89;0.32;-0.15;1.06;0.51;stabil
04300412;Schlossgarten;3329;0.28;0.51;-0.15;0.64;0.22;mittel;-1.35;-1.27;-2.89;-5.51;-2.65;positiv
04300413;Klausenerplatz;10334;0.07;0.29;0.00;0.37;0.13;mittel;0.07;-0.56;-0.44;-0.93;-0.45;stabil
04300414;Schloßstraße;10786;-0.49;-0.49;-0.67;-1.65;-0.56;mittel;-0.57;-0.57;-0.95;-2.09;-1.00;positiv
04300415;Lietzensee;6488;-0.53;-0.52;-0.65;-1.69;-0.57;mittel;-0.87;0.18;0.41;-0.28;-0.13;stabil
04300416;Amtsgerichtsplatz;12145;-0.53;-0.56;-0.51;-1.59;-0.54;mittel;0.08;0.28;-0.18;0.18;0.09;stabil
04300517;Tegeler Weg;9637;0.08;0.02;0.09;0.20;0.07;mittel;-0.45;-0.11;-0.39;-0.95;-0.46;stabil
04300518;Kaiserin-Augusta-Allee;5930;0.03;0.05;0.31;0.38;0.13;mittel;-0.61;-0.60;-0.85;-2.06;-0.99;stabil
04300619;Alt-Lietzow;8859;-0.25;-0.20;-0.16;-0.61;-0.20;mittel;-0.36;0.22;0.14;0.00;0.00;stabil
04300620;Spreestadt;3429;-0.27;-0.12;-0.03;-0.42;-0.14;mittel;-0.98;-1.23;-1.21;-3.42;-1.64;positiv
04300621;Richard-Wagner-Straße;10811;0.11;0.11;-0.01;0.20;0.07;mittel;0.27;0.20;0.50;0.97;0.47;stabil
04300622;Ernst-Reuter-Platz;5157;-0.14;0.17;0.03;0.05;0.02;mittel;-1.03;-0.17;0.30;-0.91;-0.44;stabil
04300623;Karl-August-Platz;12121;-0.20;-0.18;-0.18;-0.57;-0.19;mittel;-0.42;-0.14;-0.12;-0.67;-0.32;stabil
04300624;Savignyplatz;9538;-0.57;-0.69;-0.60;-1.86;-0.63;mittel;-0.13;0.52;0.40;0.79;0.38;stabil
04400725;Güterbahnhof Grunewald;110;;;;;;;;;;;;
04400726;Bismarckallee;5470;-0.89;-0.61;-0.74;-2.25;-0.76;mittel;-0.33;1.16;1.47;2.30;1.10;negativ
04400727;Flinsberger Platz;8264;-0.47;-0.62;-0.56;-1.65;-0.56;mittel;-0.25;-0.16;-0.04;-0.45;-0.22;stabil
04400728;Hagenplatz;3173;-1.17;-1.08;-1.26;-3.51;-1.19;hoch;-0.86;0.75;-0.08;-0.19;-0.09;stabil
04400729;Hundekehle;2796;-1.27;-1.04;-1.14;-3.45;-1.17;hoch;-0.86;1.16;1.07;1.37;0.66;stabil
04400830;Forckenbeckstraße;7119;-0.31;-0.58;-0.58;-1.47;-0.50;mittel;-0.29;0.32;0.96;0.99;0.47;stabil
04400831;Messelpark;1513;-1.43;-1.29;-1.26;-3.98;-1.35;hoch;-1.13;0.70;0.54;0.11;0.05;stabil
04400832;Breite Straße;7023;-0.87;-0.84;-0.91;-2.62;-0.89;mittel;-0.53;1.13;1.40;2.00;0.96;stabil
04400833;Schlangenbader Straße;4178;0.45;0.33;0.42;1.19;0.40;mittel;0.52;2.37;3.42;6.31;3.03;negativ
04400834;Binger Straße;3574;-0.90;-0.76;-0.98;-2.64;-0.89;mittel;-1.23;0.09;0.16;-0.98;-0.47;stabil
04400835;Rüdesheimer Platz;10593;-0.90;-0.85;-0.99;-2.74;-0.93;mittel;-0.82;0.61;0.49;0.28;0.14;stabil
04500936;Droysenstraße;5638;-0.41;-0.34;-0.15;-0.90;-0.31;mittel;-0.54;0.21;-0.46;-0.79;-0.38;stabil
04500937;Halensee;7683;-0.63;-0.72;-0.90;-2.24;-0.76;mittel;-0.30;0.04;0.00;-0.26;-0.13;stabil
04500938;Hochmeisterplatz;7919;-0.50;-0.49;-0.46;-1.45;-0.49;mittel;-0.26;0.37;-0.11;0.00;0.00;stabil
04500939;Eisenzahnstraße;6496;-0.19;-0.33;-0.32;-0.83;-0.28;mittel;-0.74;-0.26;-1.14;-2.15;-1.03;positiv
04501040;Hindemithplatz;5998;-0.77;-0.75;-1.05;-2.57;-0.87;mittel;-0.22;0.16;0.30;0.23;0.11;stabil
04501041;George-Grosz-Platz;5597;-0.81;-0.76;-0.77;-2.34;-0.79;mittel;-0.58;0.65;0.73;0.80;0.38;stabil
04501042;Breitscheidplatz;3581;-0.04;-0.12;0.43;0.26;0.09;mittel;1.42;1.66;3.28;6.36;3.05;negativ
04501043;Preußenpark;11048;-0.63;-0.64;-0.77;-2.04;-0.69;mittel;-0.27;0.94;1.09;1.76;0.85;stabil
04501044;Ludwigkirchplatz;5283;-0.56;-0.53;-0.56;-1.65;-0.56;mittel;-1.03;0.56;0.35;-0.12;-0.06;stabil
04501045;Schaperstraße;9334;-0.48;-0.49;-0.47;-1.44;-0.49;mittel;-0.87;0.55;-0.10;-0.43;-0.21;stabil
04501146;Barstraße;4715;0.11;0.00;0.24;0.35;0.12;mittel;0.67;-0.73;-0.89;-0.94;-0.45;stabil
04501147;Leon-Jessel-Platz;5625;-0.69;-0.36;-0.33;-1.37;-0.47;mittel;-0.64;0.53;0.78;0.67;0.32;stabil
04501148;Brabanter Platz;4436;-0.26;-0.13;-0.03;-0.42;-0.14;mittel;-0.29;0.77;0.40;0.88;0.42;stabil
04501149;Nikolsburger Platz;9834;-0.50;-0.58;-0.52;-1.60;-0.54;mittel;-0.32;0.53;0.87;1.08;0.52;stabil
04501150;Wilhelmsaue;3071;-0.49;-0.65;-0.79;-1.93;-0.65;mittel;-0.67;0.27;-0.17;-0.57;-0.27;stabil
04501151;Hildegardstraße;7572;-0.79;-0.72;-0.89;-2.40;-0.81;mittel;-0.69;0.72;0.11;0.14;0.06;stabil
04501152;Prager Platz;6913;-0.41;-0.62;-0.88;-1.90;-0.64;mittel;-0.53;0.22;-0.49;-0.79;-0.38;stabil
04501153;Babelsberger Straße;7489;-0.39;-0.15;-0.29;-0.82;-0.28;mittel;-0.63;1.22;1.87;2.46;1.18;negativ
05100101;Hakenfelde Nord;4079;-1.11;-0.75;-0.94;-2.80;-0.95;mittel;-0.91;0.97;0.04;0.10;0.05;stabil
05100102;Am Forstacker;4390;0.37;0.27;0.85;1.49;0.50;mittel;-0.19;-0.02;-0.22;-0.43;-0.21;stabil
05100103;Mertensstraße;5873;0.52;0.56;0.50;1.58;0.54;mittel;-0.50;-1.07;-1.56;-3.14;-1.51;positiv
05100104;Maselake;4830;0.26;0.28;0.31;0.85;0.29;mittel;1.22;-0.09;-0.30;0.83;0.40;stabil
05100105;Amorbacher Weg;7608;-0.38;-0.37;-0.32;-1.07;-0.36;mittel;-0.33;0.00;0.43;0.10;0.05;stabil
05100206;Griesingerstraße;3619;1.56;1.22;1.12;3.90;1.32;niedrig;1.83;-0.30;1.51;3.04;1.46;negativ
05100207;An der Tränke;2314;-1.33;-1.17;-0.99;-3.49;-1.18;hoch;-1.54;0.22;0.00;-1.32;-0.63;stabil
05100208;Im Spektefeld;10703;1.55;1.55;1.50;4.60;1.56;sehr niedrig;1.01;0.16;-0.43;0.74;0.36;stabil
05100209;Westerwaldstraße;11547;1.54;1.70;1.44;4.68;1.58;sehr niedrig;0.34;-1.35;-0.20;-1.20;-0.58;stabil
05100210;Germersheimer Platz;7709;1.04;1.24;1.31;3.59;1.21;niedrig;-0.43;-1.63;-1.21;-3.27;-1.57;positiv
05100211;An der Kappe;6068;-0.17;-0.24;0.07;-0.34;-0.12;mittel;0.41;0.42;1.03;1.86;0.89;stabil
05100312;Eckschanze;4025;0.71;0.92;0.88;2.51;0.85;mittel;-0.20;-1.44;-1.12;-2.75;-1.32;positiv
05100313;Eiswerder;5756;1.09;1.16;1.05;3.30;1.12;niedrig;0.35;-1.04;-1.56;-2.25;-1.08;positiv
05100314;Kurstraße;7335;1.89;2.04;2.00;5.92;2.00;sehr niedrig;0.19;-1.37;-0.39;-1.57;-0.75;stabil
05100315;Ackerstraße;6753;0.92;1.08;1.14;3.13;1.06;niedrig;-0.02;-0.15;0.24;0.08;0.04;stabil
05100316;Carl-Schurz-Straße;10341;0.81;0.97;1.17;2.95;1.00;mittel;-0.07;-0.37;0.38;-0.06;-0.03;stabil
05100317;Freiheit;3670;0.79;0.74;0.64;2.17;0.73;mittel;1.75;2.39;3.52;7.67;3.68;negativ
05200418;Isenburger Weg;3839;-1.34;-1.27;-1.24;-3.86;-1.30;hoch;-1.07;0.51;0.00;-0.56;-0.27;stabil
05200419;Am Heideberg;1694;-0.55;-0.77;-0.90;-2.22;-0.75;mittel;-0.48;0.31;0.03;-0.15;-0.07;stabil
05200420;Staakener Straße;5780;-0.60;-0.56;-0.41;-1.57;-0.53;mittel;-1.13;-0.09;-0.14;-1.35;-0.65;stabil
05200421;Spandauer Straße;4386;0.14;0.03;0.12;0.28;0.10;mittel;-0.15;0.01;0.83;0.70;0.33;stabil
05200422;Werkstraße;1057;-0.68;-0.38;-0.11;-1.16;-0.39;mittel;0.30;1.33;2.02;3.66;1.76;negativ
05200423;Magistratsweg;6606;1.29;1.28;1.44;4.01;1.36;niedrig;-0.21;-0.11;-0.60;-0.92;-0.44;stabil
05200524;Döberitzer Weg;3367;-1.03;-0.93;-0.88;-2.85;-0.96;mittel;-0.65;0.85;0.62;0.82;0.39;stabil
05200525;Pillnitzer Weg;2431;-1.47;-0.68;-1.12;-3.27;-1.11;hoch;-1.13;0.63;0.31;-0.20;-0.10;stabil
05200526;Rudolf-Wissell-Großsiedlung;5734;2.65;3.12;2.57;8.34;2.82;sehr niedrig;-0.79;-2.01;-1.63;-4.43;-2.13;positiv
05200527;Maulbeerallee;11620;3.53;3.95;2.84;10.33;3.49;sehr niedrig;1.01;-0.63;0.15;0.52;0.25;stabil
05200528;Weinmeisterhornweg;7019;-0.57;-0.38;-0.26;-1.21;-0.41;mittel;-0.81;0.84;0.52;0.55;0.26;stabil
05200629;Borkumer Straße;7858;0.36;0.31;0.71;1.38;0.47;mittel;-0.25;-0.69;-0.88;-1.81;-0.87;stabil
05200630;Wilhelmstadt West;9806;0.68;0.59;0.83;2.10;0.71;mittel;0.47;0.51;1.04;2.02;0.97;stabil
05200631;Wilhelmstadt Ost;8462;0.80;0.71;0.90;2.41;0.81;mittel;0.07;-0.66;-0.20;-0.79;-0.38;stabil
05200632;Tiefwerder;3739;0.82;1.41;1.38;3.60;1.22;niedrig;-0.68;-0.43;-0.10;-1.20;-0.58;stabil
05200633;Graetschelsteig;2003;0.86;0.36;0.85;2.07;0.70;mittel;0.74;0.39;0.51;1.64;0.79;stabil
05200634;Börnicker Straße;4436;-0.84;-1.03;-0.99;-2.86;-0.97;mittel;-1.21;1.02;1.16;0.97;0.46;stabil
05300735;Haveleck;1925;-0.44;-0.28;-0.44;-1.16;-0.39;mittel;2.05;4.14;3.92;10.11;4.86;negativ
05300736;Zitadellenweg;3667;0.49;1.05;0.74;2.28;0.77;mittel;-0.02;-0.40;-0.39;-0.81;-0.39;stabil
05300737;Gartenfelder Straße;10901;1.10;0.95;1.16;3.21;1.09;niedrig;0.34;-0.30;-0.30;-0.26;-0.12;stabil
05300838;Gartenfeld;21;;;;;;;;;;;;
05300839;Rohrdamm;7660;0.50;0.68;0.80;1.98;0.67;mittel;-0.09;-0.74;-0.71;-1.54;-0.74;stabil
05300840;Nonnendammallee;486;-0.16;-0.09;0.45;0.20;0.07;mittel;0.65;-2.32;-5.94;-7.61;-3.66;positiv
05300841;Siemensdamm;4573;0.36;0.34;0.36;1.07;0.36;mittel;0.47;-0.64;-1.21;-1.38;-0.67;stabil
05400942;Alt-Gatow;3642;-0.94;-1.00;-0.97;-2.91;-0.98;mittel;-1.37;-1.66;-2.69;-5.72;-2.75;positiv
05400943;Jägerallee;10315;-1.42;-1.28;-1.34;-4.04;-1.37;hoch;-1.28;0.66;0.11;-0.51;-0.25;stabil
05400944;Kladower Damm;2198;-1.46;-0.94;-1.31;-3.71;-1.26;hoch;-1.09;2.78;0.67;2.36;1.13;negativ
05400945;Kafkastraße;3682;-1.24;-1.29;-1.24;-3.77;-1.28;hoch;-0.86;0.87;-0.05;-0.05;-0.02;stabil
06100101;Fichtenberg;6988;-1.14;-1.04;-1.07;-3.24;-1.10;hoch;-1.01;0.98;0.84;0.81;0.39;stabil
06100102;Schloßstraße;8808;-0.60;-0.68;-0.69;-1.97;-0.67;mittel;-0.61;0.20;0.31;-0.09;-0.05;stabil
06100103;Markelstraße;6281;-0.81;-0.88;-1.07;-2.75;-0.93;mittel;-0.38;0.30;-0.10;-0.18;-0.08;stabil
06100204;Munsterdamm;6887;-0.31;-0.46;-0.48;-1.25;-0.42;mittel;-0.19;0.24;0.31;0.35;0.17;stabil
06100205;Südende;9881;-0.28;-0.48;-0.41;-1.17;-0.40;mittel;0.02;0.15;0.13;0.29;0.14;stabil
06100206;Stadtpark;7694;-0.57;-0.58;-0.80;-1.94;-0.66;mittel;-0.39;0.01;-0.49;-0.87;-0.42;stabil
06100207;Mittelstraße;8008;-0.47;-0.61;-0.58;-1.66;-0.56;mittel;-0.76;0.05;-0.23;-0.95;-0.46;stabil
06100208;Bergstraße;6824;-0.63;-0.65;-0.87;-2.15;-0.73;mittel;-0.77;-0.05;-0.22;-1.04;-0.50;stabil
06100209;Feuerbachstraße;9339;-0.47;-0.61;-0.68;-1.76;-0.60;mittel;-0.03;-0.07;-0.13;-0.23;-0.11;stabil
06100210;Bismarckstraße;4868;-0.37;-0.46;-0.58;-1.41;-0.48;mittel;-0.30;0.23;0.17;0.09;0.05;stabil
06200311;Alt-Lankwitz;4937;-0.65;-0.47;-0.62;-1.74;-0.59;mittel;-0.73;0.11;-0.38;-1.00;-0.48;stabil
06200312;Komponistenviertel Lankwitz;6097;-0.84;-0.90;-0.88;-2.62;-0.89;mittel;-0.62;0.66;-0.04;0.00;0.00;stabil
06200313;Lankwitz Kirche;7410;0.19;-0.12;-0.01;0.06;0.02;mittel;-0.06;0.05;0.08;0.06;0.03;stabil
06200314;Kaiser-Wilhelm-Straße;7313;-0.09;-0.17;-0.12;-0.39;-0.13;mittel;-0.56;0.11;-0.03;-0.49;-0.23;stabil
06200315;Gallwitzallee;5841;-0.02;-0.33;-0.55;-0.90;-0.30;mittel;-0.29;0.04;-0.73;-0.98;-0.47;stabil
06200316;Belßstraße;5558;0.38;0.14;0.45;0.96;0.33;mittel;0.78;-0.01;0.65;1.42;0.68;stabil
06200317;Lankwitz Süd;6402;-0.92;-0.86;-0.80;-2.58;-0.87;mittel;-0.61;0.13;-0.17;-0.65;-0.31;stabil
06200418;Landweg;0;;;;;;;;;;;;
06200419;Thermometersiedlung;4636;0.75;0.51;0.68;1.93;0.65;mittel;-0.69;-1.25;-1.96;-3.90;-1.87;positiv
06200420;Lichterfelde Süd;7055;-0.17;-0.28;-0.22;-0.67;-0.23;mittel;-0.44;-0.43;-0.73;-1.60;-0.77;stabil
06200421;Königsberger Straße;8349;-0.54;-0.63;-0.46;-1.63;-0.55;mittel;-0.25;0.78;0.35;0.88;0.42;stabil
06200422;Oberhofer Platz;7062;-0.89;-0.98;-0.84;-2.71;-0.92;mittel;-0.37;0.48;0.55;0.65;0.31;stabil
06200423;Schütte-Lanz-Straße;8627;-0.67;-0.54;-0.29;-1.49;-0.50;mittel;-0.69;0.60;0.28;0.19;0.09;stabil
06300524;Berlepschstraße;5670;-0.86;-0.96;-0.87;-2.69;-0.91;mittel;-0.12;0.18;-0.19;-0.13;-0.06;stabil
06300525;Zehlendorf Süd;5616;-0.29;-0.32;-0.30;-0.91;-0.31;mittel;-0.19;0.67;0.38;0.86;0.41;stabil
06300526;Zehlendorf Mitte;3311;-0.90;-0.83;-0.89;-2.62;-0.89;mittel;-0.44;0.53;0.84;0.92;0.44;stabil
06300527;Sundgauer Straße;8385;-0.84;-0.81;-0.89;-2.54;-0.86;mittel;-0.24;0.74;0.23;0.72;0.35;stabil
06300528;Teltower Damm;11050;-0.91;-1.23;-1.20;-3.33;-1.13;hoch;-0.10;0.43;0.18;0.51;0.25;stabil
06300629;Botanischer Garten;7088;-0.59;-0.90;-0.96;-2.45;-0.83;mittel;0.04;0.11;-0.04;0.12;0.06;stabil
06300630;Hindenburgdamm;5612;-0.05;-0.30;-0.17;-0.52;-0.18;mittel;0.33;1.26;1.80;3.39;1.63;negativ
06300631;Goerzwerke;3152;-1.05;-0.98;-0.93;-2.97;-1.01;hoch;-0.99;0.23;-0.46;-1.23;-0.59;stabil
06300632;Schweizer Viertel;13747;-0.89;-1.13;-1.22;-3.24;-1.09;hoch;-0.40;0.20;-0.21;-0.41;-0.20;stabil
06300633;Augustaplatz;12046;-0.55;-0.86;-0.77;-2.19;-0.74;mittel;-0.28;0.30;0.23;0.25;0.12;stabil
06300634;Lichterfelde West;8511;-1.16;-1.14;-1.16;-3.45;-1.17;hoch;-0.74;0.70;0.47;0.43;0.21;stabil
06400735;Wannsee;10126;-1.22;-1.22;-1.23;-3.67;-1.24;hoch;-0.96;0.47;0.07;-0.42;-0.20;stabil
06400736;Düppel;5234;-1.18;-0.93;-1.09;-3.19;-1.08;hoch;-0.66;0.65;0.42;0.40;0.19;stabil
06400737;Nikolassee;11498;-1.19;-1.13;-1.23;-3.56;-1.20;hoch;-0.89;1.06;0.25;0.43;0.21;stabil
06400838;Krumme Lanke;7511;-1.36;-1.33;-1.37;-4.06;-1.37;hoch;-1.03;0.59;0.25;-0.19;-0.09;stabil
06400839;Fischerhüttenstraße;5278;-1.18;-1.07;-1.14;-3.40;-1.15;hoch;-0.91;0.98;0.56;0.64;0.31;stabil
06400840;Fischtal;7266;-1.20;-1.15;-1.22;-3.58;-1.21;hoch;-0.93;0.45;0.07;-0.41;-0.20;stabil
06400841;Zehlendorf Eiche;5958;-0.91;-0.98;-1.01;-2.91;-0.99;mittel;-0.94;0.60;0.55;0.20;0.10;stabil
06400842;Hüttenweg;4810;-1.42;-1.25;-1.25;-3.92;-1.33;hoch;-0.97;0.74;0.44;0.20;0.10;stabil
06400843;Thielallee;4902;-1.45;-1.34;-1.42;-4.21;-1.43;hoch;-0.81;0.73;0.11;0.03;0.02;stabil
06400844;Dahlem;7204;-1.32;-1.26;-1.21;-3.79;-1.28;hoch;-1.08;0.79;0.37;0.08;0.04;stabil
07100101;Wittenbergplatz;9808;-0.08;0.02;-0.20;-0.26;-0.09;mittel;-0.08;0.41;0.40;0.74;0.35;stabil
07100102;Kalckreuthstraße;8675;0.57;0.84;0.89;2.31;0.78;mittel;0.92;-0.47;-0.36;0.09;0.04;stabil
07100103;Frobenstraße;7712;0.89;1.55;1.23;3.67;1.24;niedrig;0.96;-0.21;-0.29;0.46;0.22;stabil
07100204;Barbarossaplatz;10468;-0.59;-0.38;-0.54;-1.51;-0.51;mittel;-0.21;0.41;0.39;0.60;0.29;stabil
07100205;Alvenslebenstraße;5257;1.56;1.82;1.24;4.62;1.56;sehr niedrig;1.78;-1.18;-1.77;-1.17;-0.56;stabil
07100206;Großgörschenstraße;8223;0.10;0.56;-0.01;0.64;0.22;mittel;-1.17;-0.32;-0.75;-2.24;-1.08;positiv
07200307;Bayerischer Platz;10578;-0.46;-0.48;-0.66;-1.59;-0.54;mittel;0.15;0.33;0.36;0.85;0.41;stabil
07200308;Volkspark (Rudolph-Wilde-Park);10501;0.26;0.23;0.25;0.75;0.25;mittel;0.61;1.06;1.25;2.92;1.40;negativ
07200409;Belziger Straße;9460;-0.63;-0.22;-0.73;-1.59;-0.54;mittel;-0.95;0.34;-0.45;-1.06;-0.51;stabil
07200410;Feurigstraße;5565;1.03;1.19;1.14;3.36;1.14;niedrig;1.85;0.10;0.43;2.38;1.14;negativ
07200411;Julius-Leber-Brücke;2786;-0.22;0.12;-0.52;-0.63;-0.21;mittel;-0.13;-0.10;-0.12;-0.36;-0.17;stabil
07200412;Schöneberger Linse;1094;-0.58;0.28;0.53;0.23;0.08;mittel;-2.67;-0.94;-5.79;-9.39;-4.51;positiv
07200413;Cheruskerstraße;7886;-0.53;-0.29;-0.63;-1.45;-0.49;mittel;-0.21;0.56;0.27;0.62;0.30;stabil
07200414;Hohenfriedbergstraße;3736;-0.52;-0.17;-0.65;-1.34;-0.45;mittel;-0.17;0.50;-0.64;-0.32;-0.15;stabil
07300515;Taunusstraße;6860;-1.03;-0.88;-1.02;-2.93;-0.99;mittel;-0.62;0.56;0.29;0.23;0.11;stabil
07300516;Odenwaldstraße;8839;-1.00;-0.86;-1.02;-2.87;-0.97;mittel;-0.65;0.53;0.30;0.18;0.09;stabil
07300517;Perelsplatz;8767;-0.99;-0.85;-1.06;-2.90;-0.98;mittel;-0.58;0.18;-0.16;-0.56;-0.27;stabil
07300618;Ceciliengärten;9371;-0.84;-0.73;-0.86;-2.43;-0.82;mittel;-0.64;0.18;-0.18;-0.64;-0.31;stabil
07300619;Grazer Platz;12302;-0.13;0.25;0.11;0.23;0.08;mittel;-0.29;0.62;0.63;0.97;0.46;stabil
07400720;Gontermannstraße;12038;0.24;0.13;0.20;0.57;0.19;mittel;0.40;-0.19;0.11;0.32;0.15;stabil
07400721;Paradestraße;5464;-0.81;-0.32;-0.62;-1.75;-0.59;mittel;-0.79;-0.04;0.07;-0.76;-0.36;stabil
07400822;Lindenhofsiedlung;2255;-0.05;0.02;-0.18;-0.21;-0.07;mittel;-0.63;-0.77;-0.89;-2.29;-1.10;positiv
07400823;Wittekindstraße;9832;0.08;0.40;0.59;1.08;0.36;mittel;-1.01;0.15;-0.68;-1.54;-0.74;stabil
07400824;Bosepark;7390;-0.13;0.02;-0.10;-0.21;-0.07;mittel;0.14;0.67;0.50;1.31;0.63;stabil
07400825;Friedrich-Karl-Straße;7360;0.01;0.17;0.27;0.45;0.15;mittel;-0.09;-0.50;-0.26;-0.85;-0.41;stabil
07400826;Marienhöhe;5114;-0.50;-0.07;-0.14;-0.72;-0.24;mittel;-0.86;0.33;-0.10;-0.62;-0.30;stabil
07400927;Rathaus Tempelhof;11104;0.45;0.50;0.70;1.65;0.56;mittel;0.13;-0.10;-0.07;-0.04;-0.02;stabil
07400928;Germaniagarten;3980;1.48;1.78;2.02;5.28;1.79;sehr niedrig;0.30;-1.57;0.30;-0.97;-0.47;stabil
07501029;Ringstraße;8138;0.41;0.47;0.68;1.56;0.53;mittel;-0.31;-0.06;-0.31;-0.68;-0.33;stabil
07501030;Machonstraße;8890;0.40;0.50;0.65;1.55;0.52;mittel;-0.54;-0.51;-0.43;-1.48;-0.71;stabil
07501031;Eisenacher Straße;9101;-0.03;0.06;0.13;0.15;0.05;mittel;-0.31;-0.08;-0.52;-0.90;-0.43;stabil
07501032;Imbrosweg;5653;0.14;0.28;0.24;0.66;0.22;mittel;-0.24;0.07;0.48;0.30;0.14;stabil
07501133;Fritz-Werner-Straße;8141;0.55;0.23;0.33;1.11;0.37;mittel;0.40;-0.40;-1.20;-1.19;-0.57;stabil
07501134;Hundsteinweg;10584;-0.28;-0.32;-0.05;-0.65;-0.22;mittel;0.01;-0.12;-0.43;-0.54;-0.26;stabil
07501135;Birnhornweg;2233;-0.92;-0.95;-0.84;-2.71;-0.92;mittel;0.04;0.60;-0.21;0.43;0.20;stabil
07601236;Marienfelder Allee Nordwest;10193;1.24;1.25;1.44;3.92;1.33;niedrig;1.82;0.30;1.29;3.41;1.64;negativ
07601237;Kirchstraße;4740;-0.96;-0.88;-0.83;-2.68;-0.91;mittel;-0.54;0.74;0.73;0.93;0.45;stabil
07601238;Marienfelde Nordost;2869;0.13;0.21;0.77;1.11;0.37;mittel;0.40;-0.56;-0.49;-0.66;-0.32;stabil
07601339;Tirschenreuther Ring West;5749;1.05;0.97;0.99;3.00;1.02;niedrig;1.33;0.19;-0.14;1.39;0.67;stabil
07601340;Tirschenreuther Ring Ost;6429;0.59;0.97;1.03;2.60;0.88;mittel;0.71;-0.05;0.24;0.89;0.43;stabil
07601341;Diedersdorfer Weg;2284;-0.21;-0.18;-0.42;-0.81;-0.27;mittel;-0.54;1.07;1.54;2.07;0.99;stabil
07601442;Kettinger Straße;10498;-0.72;-0.68;-0.57;-1.96;-0.66;mittel;-0.71;0.07;-0.27;-0.92;-0.44;stabil
07601443;Töpchiner Weg;10895;-0.64;-0.30;-0.22;-1.16;-0.39;mittel;-0.36;0.82;0.96;1.43;0.69;stabil
07601544;John-Locke-Straße;8485;0.45;0.30;0.20;0.95;0.32;mittel;0.06;-0.20;-0.78;-0.93;-0.45;stabil
07601545;Nahariyastraße;8431;1.50;1.95;1.98;5.43;1.84;sehr niedrig;0.33;-0.41;-0.15;-0.23;-0.11;stabil
07601546;Franziusweg;6978;-1.05;-0.91;-0.97;-2.94;-0.99;mittel;-0.66;0.68;0.31;0.33;0.16;stabil
07601547;Horstwalder Straße;3859;-0.24;-0.17;0.19;-0.21;-0.07;mittel;-0.06;1.18;1.43;2.54;1.22;negativ
07601548;Wittelsbacherstraße;2964;-1.20;-0.86;-0.56;-2.61;-0.88;mittel;-0.95;0.18;-0.73;-1.50;-0.72;stabil
08100101;Hasenheide;4516;1.42;1.17;0.95;3.55;1.20;niedrig;1.00;-0.26;0.44;1.18;0.57;stabil
08100102;Schillerpromenade Nord;8218;1.15;0.75;0.80;2.69;0.91;mittel;0.96;-0.53;0.39;0.83;0.40;stabil
08100103;Schillerpromenade Süd;7473;1.22;0.88;0.92;3.01;1.02;niedrig;0.96;-0.81;-1.18;-1.03;-0.50;stabil
08100104;Wartheplatz;6706;2.07;1.46;1.87;5.40;1.83;sehr niedrig;2.32;-1.54;-1.01;-0.23;-0.11;stabil
08100105;Silbersteinstraße;5567;2.30;1.91;2.27;6.48;2.19;sehr niedrig;1.87;-3.26;0.02;-1.37;-0.66;stabil
08100206;Flughafenstraße;9668;1.11;1.00;1.12;3.23;1.09;niedrig;0.91;-0.63;-0.70;-0.41;-0.20;stabil
08100207;Rollberg;7451;2.64;2.18;1.69;6.51;2.20;sehr niedrig;3.00;-2.73;-0.92;-0.65;-0.31;stabil
08100208;Körnerpark;12288;1.62;1.19;1.52;4.33;1.47;niedrig;2.05;-1.04;-0.03;0.98;0.47;stabil
08100209;Glasower Straße;8524;2.29;1.79;1.88;5.96;2.01;sehr niedrig;2.02;-1.96;-0.74;-0.69;-0.33;stabil
08100310;Maybachufer;7877;0.29;0.35;0.25;0.89;0.30;mittel;0.38;-0.04;0.16;0.51;0.24;stabil
08100311;Reuterplatz;7342;0.18;0.18;-0.01;0.35;0.12;mittel;0.37;0.08;-0.43;0.02;0.01;stabil
08100312;Weichselplatz;11788;0.79;0.68;0.72;2.18;0.74;mittel;0.97;-0.43;-0.24;0.30;0.15;stabil
08100313;Bouchéstraße;3868;1.09;0.81;0.88;2.78;0.94;mittel;1.15;-1.33;-1.99;-2.17;-1.04;positiv
08100314;Donaustraße;8264;1.34;1.28;1.66;4.28;1.45;niedrig;1.72;-1.53;-0.70;-0.51;-0.24;stabil
08100415;Ganghoferstraße;6530;0.86;0.75;0.84;2.45;0.83;mittel;1.11;-1.19;-0.90;-0.98;-0.47;stabil
08100416;Alt-Rixdorf;6562;1.02;0.83;0.71;2.55;0.86;mittel;1.08;-0.85;-0.15;0.09;0.04;stabil
08100417;Braunschweiger Straße;9919;1.76;1.29;1.42;4.48;1.51;sehr niedrig;1.88;-1.27;-0.43;0.19;0.09;stabil
08100418;Hertzbergplatz;9588;0.92;0.66;0.81;2.39;0.81;mittel;0.80;-0.66;-0.82;-0.68;-0.33;stabil
08100419;Treptower Straße Nord;7100;2.95;2.53;2.63;8.11;2.74;sehr niedrig;3.22;-1.35;-0.04;1.83;0.88;stabil
08100520;Weiße Siedlung;5767;3.75;3.37;2.58;9.70;3.28;sehr niedrig;4.71;-2.10;0.43;3.03;1.46;negativ
08100521;Schulenburgpark;9620;4.36;3.63;3.01;10.99;3.72;sehr niedrig;4.17;-2.40;-0.15;1.62;0.78;stabil
08200622;Jahnstraße;5608;3.10;2.41;2.18;7.69;2.60;sehr niedrig;2.70;-1.52;0.41;1.59;0.76;stabil
08200623;Park am Buschkrug;6064;0.80;0.89;0.68;2.36;0.80;mittel;1.19;0.27;0.88;2.34;1.13;negativ
08200624;Tempelhofer Weg;8754;1.58;1.27;1.46;4.31;1.46;niedrig;1.56;-0.10;0.28;1.75;0.84;stabil
08200725;Mohriner Allee Nord;2455;-0.12;-0.65;-0.61;-1.37;-0.46;mittel;1.55;0.90;0.25;2.70;1.30;negativ
08200726;Hufeisensiedlung;6271;0.11;0.04;-0.06;0.09;0.03;mittel;0.59;0.31;0.49;1.39;0.67;stabil
08200727;Parchimer Allee Süd;7983;0.42;0.15;0.56;1.12;0.38;mittel;0.17;-0.53;-0.50;-0.86;-0.42;stabil
08200728;Ortolanweg;1253;0.41;0.84;0.81;2.06;0.70;mittel;-0.14;1.06;-1.82;-0.90;-0.43;stabil
08200729;Britzer Garten;1865;-0.50;-0.74;-0.94;-2.18;-0.74;mittel;-0.59;-0.06;0.44;-0.20;-0.10;stabil
08200730;Handwerker-Siedlung;3321;0.69;-0.22;-0.22;0.24;0.08;mittel;2.64;-0.44;0.30;2.50;1.20;negativ
08200831;Buckow West;8320;-0.09;-0.42;-0.22;-0.72;-0.24;mittel;0.69;0.54;0.52;1.75;0.84;stabil
08200832;Buckow Mitte;11578;0.42;0.06;0.50;0.98;0.33;mittel;1.17;0.80;1.18;3.14;1.51;negativ
08200833;Buckow Ost;8698;1.25;0.82;1.18;3.24;1.10;niedrig;2.11;-1.12;-0.65;0.33;0.16;stabil
08300934;Gropiusstadt Nord-West;12534;2.01;1.42;1.59;5.03;1.70;sehr niedrig;2.68;-1.53;-1.03;0.12;0.06;stabil
08300935;Gropiusstadt Süd-West;7303;0.80;0.41;0.98;2.18;0.74;mittel;0.78;-0.90;-1.08;-1.19;-0.57;stabil
08301036;Gropiusstadt Mitte;7190;1.64;1.24;1.23;4.12;1.39;niedrig;1.78;-1.01;-0.77;0.00;0.00;stabil
08301037;Gropiusstadt Süd-Ost;10564;2.13;1.50;1.46;5.08;1.72;sehr niedrig;2.95;0.65;1.26;4.86;2.34;negativ
08401138;Goldhähnchenweg;2834;1.31;0.90;1.46;3.67;1.24;niedrig;0.09;0.48;0.69;1.27;0.61;stabil
08401139;Vogelviertel Süd;4103;-0.02;-0.39;-0.06;-0.47;-0.16;mittel;1.26;0.03;-0.41;0.88;0.42;stabil
08401140;Vogelviertel Nord;2661;-0.04;-0.22;-0.16;-0.42;-0.14;mittel;0.59;0.16;-0.23;0.51;0.25;stabil
08401241;Blumenviertel;8264;-0.65;-0.76;-0.52;-1.93;-0.65;mittel;-0.35;0.84;0.76;1.25;0.60;stabil
08401242;Zittauer Straße;6844;-0.85;-0.84;-0.53;-2.23;-0.75;mittel;-0.57;0.96;1.32;1.71;0.82;stabil
08401243;Alt-Rudow;9997;0.14;-0.24;0.10;-0.01;0.00;mittel;0.67;-0.35;-0.58;-0.26;-0.13;stabil
08401244;Waßmannsdorfer Chaussee;7118;-0.89;-0.94;-0.81;-2.64;-0.89;mittel;-0.52;0.43;0.54;0.46;0.22;stabil
08401245;Frauenviertel;3776;-0.58;-0.25;-0.23;-1.06;-0.36;mittel;-0.06;0.75;0.81;1.50;0.72;stabil
08401246;Waltersdorfer Chaussee Ost;7951;-0.15;-0.22;0.06;-0.30;-0.10;mittel;0.44;1.12;1.30;2.86;1.37;negativ
09100101;Alt-Treptow;13167;-0.08;-0.20;-0.49;-0.76;-0.26;mittel;-0.77;0.10;-0.02;-0.69;-0.33;stabil
09100202;Plänterwald West;4375;-0.66;-0.72;-0.97;-2.35;-0.79;mittel;-0.26;0.70;0.06;0.49;0.23;stabil
09100203;Plänterwald Ost;6924;0.21;-0.22;0.37;0.36;0.12;mittel;0.35;0.01;0.00;0.35;0.17;stabil
09100304;Baumschulenweg West;11722;-0.20;-0.58;-0.43;-1.21;-0.41;mittel;0.05;0.05;-0.61;-0.50;-0.24;stabil
09100305;Baumschulenweg Ost;4074;0.55;-0.37;-0.50;-0.31;-0.11;mittel;1.34;-0.13;0.12;1.32;0.64;stabil
09100306;Späthsfelde;3098;-0.57;-0.48;-0.12;-1.17;-0.40;mittel;1.44;3.74;4.26;9.45;4.54;negativ
09100407;Johannisthal West;8480;-0.33;-0.68;-0.39;-1.40;-0.47;mittel;-0.31;0.12;-0.43;-0.63;-0.30;stabil
09100408;Johannisthal Ost;8105;-0.30;-0.38;-0.33;-1.01;-0.34;mittel;-0.43;-0.06;-0.04;-0.53;-0.25;stabil
09100409;Landschaftspark Adlershof;3375;-1.19;-0.90;-0.85;-2.94;-0.99;mittel;-1.22;0.58;1.16;0.51;0.25;stabil
09200510;Helmholtz-Kiez;7535;1.04;0.76;1.07;2.88;0.97;mittel;0.13;-0.63;0.04;-0.47;-0.23;stabil
09200511;Griechischer Park;12663;0.49;0.45;0.46;1.40;0.47;mittel;0.28;0.17;0.42;0.87;0.42;stabil
09200512;Wuhlheide;3440;0.82;0.14;0.37;1.33;0.45;mittel;-0.56;-1.25;-0.23;-2.03;-0.97;stabil
09200613;Bahnhof Schöneweide;9424;0.12;0.07;0.31;0.50;0.17;mittel;-0.59;-1.77;-1.92;-4.27;-2.05;positiv
09200614;Oberspree;3580;-0.18;-0.45;-0.09;-0.72;-0.24;mittel;-0.53;0.26;0.44;0.17;0.08;stabil
09200715;Wista;3059;-1.15;-0.85;-0.58;-2.57;-0.87;mittel;-0.47;2.31;2.41;4.25;2.04;negativ
09200716;Dörpfeldstraße West;7669;0.05;-0.23;-0.04;-0.21;-0.07;mittel;0.07;0.06;0.10;0.23;0.11;stabil
09200717;Dörpfeldstraße Ost;9482;0.08;-0.29;-0.04;-0.25;-0.08;mittel;0.42;0.14;0.46;1.02;0.49;stabil
09200818;Spindlersfeld;3061;-0.07;-0.37;-0.54;-0.99;-0.33;mittel;0.33;0.27;-0.08;0.52;0.25;stabil
09200819;Köllnische Vorstadt;8292;0.59;0.67;0.77;2.04;0.69;mittel;0.07;-0.79;-0.89;-1.62;-0.78;stabil
09300920;Dorf Altglienicke;11751;-0.94;-0.82;-0.69;-2.45;-0.83;mittel;-0.44;1.49;1.39;2.43;1.17;negativ
09300921;Preußen Siedlung;2697;-1.08;-1.19;-1.19;-3.46;-1.17;hoch;-1.24;0.28;-0.39;-1.35;-0.65;stabil
09300922;Kosmos Viertel;5660;1.79;1.62;1.79;5.21;1.76;sehr niedrig;2.17;0.47;1.42;4.06;1.95;negativ
09300923;Kölner Viertel;8169;0.13;0.34;0.31;0.78;0.26;mittel;0.40;1.30;1.34;3.04;1.46;negativ
09301024;Falkenberg;2417;-1.28;-1.18;-1.27;-3.72;-1.26;hoch;-0.72;0.48;0.22;-0.03;-0.01;stabil
09301025;Alt-Bohnsdorf;10760;-0.63;-0.84;-0.72;-2.19;-0.74;mittel;-0.42;0.04;-0.32;-0.71;-0.34;stabil
09301126;Grünau;7217;-0.78;-0.96;-0.91;-2.65;-0.90;mittel;-0.41;0.06;-0.07;-0.42;-0.20;stabil
09301227;Karolinenhof;1871;-1.17;-1.32;-1.35;-3.85;-1.30;hoch;0.18;0.81;0.34;1.33;0.64;stabil
09301228;Schmöckwitz/Rauchfangswerder;2571;-1.08;-1.12;-1.02;-3.22;-1.09;hoch;-0.09;0.12;-0.46;-0.42;-0.20;stabil
09401329;Kietzer Feld/Nachtheide;10138;-0.61;-0.91;-0.89;-2.42;-0.82;mittel;-0.12;0.14;0.04;0.06;0.03;stabil
09401330;Wendenschloß;1911;-1.39;-1.27;-1.28;-3.94;-1.33;hoch;-0.80;0.75;0.34;0.28;0.14;stabil
09401431;Allende I;5445;-0.56;-0.73;-0.41;-1.70;-0.57;mittel;-0.35;-0.01;-0.18;-0.53;-0.26;stabil
09401432;Siedlung Kämmereiheide;1569;-0.69;-0.53;-0.46;-1.68;-0.57;mittel;-0.73;1.27;0.50;1.03;0.50;stabil
09401433;Allende II;4368;0.11;-0.27;0.15;-0.02;-0.01;mittel;-0.54;-0.31;-0.43;-1.28;-0.62;stabil
09401534;Altstadt Köpenick;7337;0.40;0.47;0.31;1.17;0.40;mittel;-0.75;-0.90;-0.73;-2.38;-1.14;positiv
09401635;Müggelheim;6867;-1.18;-1.25;-1.24;-3.68;-1.24;hoch;-0.45;0.58;-0.01;0.13;0.06;stabil
09501736;Hirschgarten;4575;0.03;-0.65;-0.85;-1.47;-0.50;mittel;-1.50;0.02;-0.72;-2.20;-1.06;positiv
09501737;Alt-Friedrichshagen;14434;-0.91;-1.02;-1.06;-3.00;-1.02;hoch;-0.50;0.46;0.03;-0.02;-0.01;stabil
09501838;Rahnsdorf;9856;-0.94;-1.04;-1.00;-2.97;-1.00;hoch;-0.40;0.97;0.88;1.45;0.70;stabil
09501939;Bahnhofstraße;6377;-0.41;-0.67;-0.78;-1.86;-0.63;mittel;-0.10;0.02;0.29;0.20;0.10;stabil
09501940;Güterbahnhof Köpenick;2678;0.12;-0.41;-0.27;-0.56;-0.19;mittel;-0.10;0.17;0.69;0.76;0.37;stabil
09501941;Friedrichshagener Straße;2678;-0.81;-0.99;-0.96;-2.76;-0.93;mittel;-0.24;0.77;0.71;1.23;0.59;stabil
09502042;Mittelheide;4106;-0.75;-1.04;-1.11;-2.90;-0.98;mittel;-0.68;-0.51;-0.53;-1.72;-0.83;stabil
09502043;Dammheide;9188;-0.72;-1.00;-0.93;-2.64;-0.89;mittel;-0.64;0.12;-0.14;-0.66;-0.32;stabil
10100101;Marzahn West;5709;0.42;1.34;0.85;2.62;0.88;mittel;-0.95;-1.05;-1.31;-3.31;-1.59;positiv
10100102;Rosenbecker Straße;3317;0.94;1.45;1.50;3.89;1.32;niedrig;-1.21;-1.43;-0.08;-2.71;-1.30;positiv
10100103;Wittenberger Straße;7685;0.46;1.01;0.74;2.21;0.75;mittel;-0.27;-0.09;-0.32;-0.68;-0.32;stabil
10100104;Golliner Straße;7611;0.47;1.24;0.90;2.61;0.88;mittel;-0.06;-2.27;-1.47;-3.81;-1.83;positiv
10100205;Gewerbegebiet Bitterfelder Straße;1262;;;;;;;;;;;;
10100206;Wuhletalstraße;10586;0.52;0.95;0.93;2.39;0.81;mittel;-0.02;-1.05;-0.51;-1.58;-0.76;stabil
10100207;Ahrensfelder Berge;8198;0.53;0.74;0.90;2.17;0.74;mittel;0.10;-1.42;-0.77;-2.10;-1.01;positiv
10100208;Bürgerpark;9163;0.58;0.63;1.26;2.47;0.84;mittel;0.54;-0.65;-0.08;-0.19;-0.09;stabil
10100209;Lea-Grundig-Straße;8153;-0.17;0.35;0.36;0.54;0.18;mittel;-0.82;-0.37;-0.85;-2.03;-0.98;stabil
10100210;Marzahner Promenade;10782;0.34;0.44;0.49;1.27;0.43;mittel;0.05;-0.46;-0.89;-1.29;-0.62;stabil
10100311;Marzahner Chaussee;2228;0.33;-0.49;-0.92;-1.07;-0.36;mittel;0.83;1.27;0.30;2.39;1.15;negativ
10100312;Springpfuhl;14860;-0.10;0.02;0.03;-0.05;-0.02;mittel;-0.66;-0.37;-1.40;-2.43;-1.17;positiv
10100313;Alt-Marzahn;4793;-0.38;-0.29;-0.17;-0.83;-0.28;mittel;-0.63;0.07;-0.94;-1.50;-0.72;stabil
10100314;Auersbergstraße;6309;0.02;-0.22;-0.02;-0.22;-0.08;mittel;0.35;-0.59;-0.50;-0.74;-0.36;stabil
10100315;Bärenstein;7171;0.08;0.21;0.44;0.73;0.25;mittel;-0.49;-0.40;0.20;-0.69;-0.33;stabil
10100316;Landsberger Tor;3681;-1.02;-0.48;-0.62;-2.12;-0.72;mittel;-1.20;0.83;-0.29;-0.66;-0.32;stabil
10200417;Zossener Straße;7171;1.27;1.80;1.14;4.21;1.42;niedrig;-0.09;-2.72;-1.21;-4.02;-1.93;positiv
10200418;Kyritzer Straße;5445;-0.12;0.35;0.38;0.60;0.20;mittel;-1.21;-0.88;-0.77;-2.86;-1.37;positiv
10200419;Havelländer Ring;3564;0.33;0.75;0.57;1.65;0.56;mittel;-1.77;-4.51;-3.63;-9.92;-4.77;positiv
10200420;Gut Hellersdorf;7159;1.05;1.46;1.44;3.95;1.34;niedrig;1.65;0.84;1.00;3.49;1.68;negativ
10200421;Helle Mitte;1716;-0.40;0.62;0.27;0.48;0.16;mittel;-1.72;-2.12;-2.72;-6.55;-3.15;positiv
10200422;Hellersdorfer Promenade;6503;2.01;2.34;1.75;6.10;2.06;sehr niedrig;2.53;-0.41;-0.95;1.18;0.57;stabil
10200423;Böhlener Straße;5929;0.91;1.45;1.09;3.46;1.17;niedrig;0.64;-1.64;-1.19;-2.19;-1.05;positiv
10200524;Adele-Sandrock-Straße;9975;-0.40;0.10;0.44;0.14;0.05;mittel;-0.31;1.31;1.86;2.86;1.38;negativ
10200525;Schleipfuhl;5317;1.01;1.43;1.13;3.57;1.21;niedrig;0.69;1.43;0.92;3.05;1.47;negativ
10200526;Boulevard Kastanienallee;6111;0.97;1.93;1.33;4.24;1.43;niedrig;0.11;-0.52;-0.23;-0.63;-0.30;stabil
10200627;Am Kienberg;3465;-0.11;0.19;0.28;0.36;0.12;mittel;-0.60;-0.85;-2.10;-3.55;-1.70;positiv
10200628;Neue Grottkauer Straße;6342;0.89;1.55;1.14;3.58;1.21;niedrig;-0.36;-1.35;-0.78;-2.49;-1.20;positiv
10200629;Teterower Ring;8919;-0.19;-0.24;0.01;-0.42;-0.14;mittel;0.29;0.02;-0.08;0.24;0.11;stabil
10200630;Cecilienplatz;6487;-0.33;-0.06;0.08;-0.32;-0.11;mittel;-0.75;0.45;0.45;0.15;0.07;stabil
10300731;Oberfeldstraße;7805;-1.54;-1.37;-1.35;-4.25;-1.44;hoch;-1.26;0.68;0.26;-0.31;-0.15;stabil
10300732;Buckower Ring;6952;0.26;0.04;-0.21;0.09;0.03;mittel;0.87;0.51;0.94;2.32;1.12;negativ
10300733;Alt-Biesdorf;3938;-1.27;-1.06;-1.07;-3.41;-1.15;hoch;-1.52;-0.17;-0.90;-2.59;-1.24;positiv
10300734;Biesdorf Süd;10260;-1.49;-1.31;-1.31;-4.12;-1.39;hoch;-1.05;1.00;0.46;0.41;0.20;stabil
10400835;Kaulsdorf Nord;7807;-1.20;-0.99;-0.93;-3.12;-1.06;hoch;-1.38;0.34;-0.10;-1.14;-0.55;stabil
10400836;Alt-Kaulsdorf;3868;-0.91;-0.99;-1.13;-3.03;-1.03;hoch;-0.68;0.01;-0.02;-0.70;-0.34;stabil
10400837;Kaulsdorf Süd;7733;-1.45;-1.33;-1.31;-4.09;-1.38;hoch;-0.84;0.62;0.41;0.19;0.09;stabil
10400938;Mahlsdorf Nord;9921;-1.47;-1.30;-1.37;-4.13;-1.40;hoch;-1.26;0.70;0.32;-0.25;-0.12;stabil
10400939;Alt-Mahlsdorf;4457;-1.27;-1.12;-1.18;-3.57;-1.21;hoch;-1.19;1.36;0.56;0.73;0.35;stabil
10400940;Elsensee;5801;-1.50;-1.29;-1.19;-3.98;-1.35;hoch;-1.20;0.81;0.58;0.19;0.09;stabil
10400941;Pilgramer Straße;9578;-1.48;-1.30;-1.30;-4.08;-1.38;hoch;-1.15;0.76;0.51;0.12;0.06;stabil
11100101;Dörfer Malchow-Wartenberg;3302;-1.45;-1.17;-1.25;-3.88;-1.31;hoch;-1.61;0.22;-0.05;-1.44;-0.69;stabil
11100102;Dorf Falkenberg;2189;-0.41;0.45;0.38;0.42;0.14;mittel;1.09;6.56;5.10;12.75;6.13;negativ
11100203;Falkenberg Ost;8986;1.26;1.40;1.21;3.86;1.31;niedrig;0.53;-1.27;-0.76;-1.50;-0.72;stabil
11100204;Falkenberg West;7052;0.50;0.73;0.67;1.90;0.64;mittel;-0.16;-1.01;-1.06;-2.22;-1.07;positiv
11100205;Wartenberg Süd;6095;0.58;0.84;1.16;2.57;0.87;mittel;0.16;0.11;0.75;1.03;0.49;stabil
11100206;Wartenberg Nord;7609;1.13;1.11;1.20;3.44;1.16;niedrig;1.73;0.66;1.29;3.69;1.77;negativ
11100307;Zingster Straße Ost;11690;0.87;0.70;0.95;2.52;0.85;mittel;0.57;-1.40;-0.76;-1.59;-0.77;stabil
11100308;Zingster Straße West;9583;1.36;1.30;1.40;4.06;1.37;niedrig;0.63;-0.98;-0.77;-1.12;-0.54;stabil
11100309;Mühlengrund;5825;0.02;-0.02;0.08;0.07;0.02;mittel;-0.31;0.56;0.67;0.91;0.44;stabil
11200410;Malchower Weg;9998;0.41;0.27;0.42;1.10;0.37;mittel;0.80;0.18;-0.15;0.83;0.40;stabil
11200411;Hauptstraße;6856;0.38;0.14;0.20;0.71;0.24;mittel;0.63;-0.02;0.11;0.71;0.34;stabil
11200512;Orankesee;3898;-1.01;-0.71;-0.65;-2.36;-0.80;mittel;-0.11;2.26;2.11;4.26;2.05;negativ
11200513;Große-Leege-Straße;9897;0.12;0.18;0.43;0.74;0.25;mittel;-0.55;-0.28;-0.50;-1.33;-0.64;stabil
11200514;Landsberger Allee;15296;0.56;0.34;0.59;1.49;0.51;mittel;1.02;0.53;0.46;2.01;0.97;stabil
11200515;Weiße Taube;4125;-1.34;-1.18;-1.16;-3.68;-1.25;hoch;-1.14;0.62;0.08;-0.43;-0.21;stabil
11300616;Hohenschönhausener Straße;6058;0.85;0.73;1.46;3.04;1.03;niedrig;-0.18;-0.23;-0.27;-0.68;-0.33;stabil
11300617;Fennpfuhlpark;4292;0.54;0.01;0.56;1.11;0.38;mittel;0.25;-0.08;-1.54;-1.37;-0.66;stabil
11300618;Storkower Bogen;3713;-0.32;-0.31;0.12;-0.52;-0.18;mittel;-0.08;0.16;0.27;0.35;0.17;stabil
11300619;Rudolf-Seiffert-Park;8422;-0.23;-0.40;-0.10;-0.74;-0.25;mittel;-0.16;-0.62;-0.90;-1.68;-0.81;stabil
11300620;Fennpfuhl Ost;11266;0.49;0.17;0.35;1.01;0.34;mittel;-0.13;-0.85;-1.00;-1.98;-0.95;stabil
11300721;Herzbergstraße;5263;-0.48;-0.22;-0.03;-0.73;-0.25;mittel;-0.08;0.75;-1.05;-0.38;-0.18;stabil
11300722;Rathaus Lichtenberg;9901;-0.49;-0.47;-0.62;-1.58;-0.53;mittel;-0.51;-0.21;-0.65;-1.37;-0.66;stabil
11300723;Bornitzstraße;2413;0.06;-0.50;-0.71;-1.16;-0.39;mittel;-1.28;-4.83;-3.55;-9.66;-4.64;positiv
11300724;Roedeliusplatz;3989;0.05;-0.08;0.10;0.07;0.02;mittel;-0.51;-0.66;-0.35;-1.52;-0.73;stabil
11300725;Nibelungenviertel;9837;-0.31;-0.23;-0.37;-0.91;-0.31;mittel;-0.94;0.79;0.54;0.39;0.19;stabil
11300826;Frankfurter Allee Süd;9956;0.15;0.19;0.53;0.87;0.29;mittel;0.12;-0.55;-0.76;-1.18;-0.57;stabil
11400927;Victoriastadt;4218;-0.60;-0.65;-0.86;-2.12;-0.72;mittel;-0.75;-0.05;0.16;-0.64;-0.31;stabil
11400928;Nöldnerplatz;2359;-0.62;-0.63;-0.71;-1.96;-0.66;mittel;0.49;-0.39;0.78;0.87;0.42;stabil
11400929;Weitlingkiez;16111;0.04;-0.12;-0.16;-0.23;-0.08;mittel;-0.61;-0.25;-0.02;-0.89;-0.43;stabil
11400930;Zachertstraße;4615;-0.75;-0.83;-1.03;-2.62;-0.89;mittel;-0.61;0.08;-0.91;-1.44;-0.69;stabil
11400931;Massower Straße;6764;0.44;0.14;0.34;0.92;0.31;mittel;-0.76;-1.24;-0.89;-2.89;-1.39;positiv
11401032;Rosenfelder Ring;5824;0.79;0.22;0.99;2.00;0.68;mittel;0.18;-0.67;-1.32;-1.81;-0.87;stabil
11401033;Gensinger Straße;6756;0.40;0.40;0.35;1.15;0.39;mittel;-0.59;-0.24;-0.81;-1.64;-0.79;stabil
11401034;Tierpark;3195;0.55;0.31;0.92;1.79;0.60;mittel;0.86;-1.19;1.08;0.75;0.36;stabil
11401135;Dolgenseestraße;10139;0.70;0.37;0.95;2.02;0.68;mittel;0.72;1.17;1.17;3.06;1.47;negativ
11401136;Volkradstraße;8155;-0.27;-0.55;-0.10;-0.91;-0.31;mittel;-0.42;0.32;-0.20;-0.29;-0.14;stabil
11401137;Erieseering;8708;0.51;0.44;0.81;1.76;0.60;mittel;0.10;0.04;-0.39;-0.25;-0.12;stabil
11501238;Rummelsburg;4244;-0.64;-0.62;-0.87;-2.13;-0.72;mittel;-0.73;-0.54;-0.14;-1.42;-0.68;stabil
11501339;Karlshorst West;10346;-1.03;-0.88;-0.93;-2.84;-0.96;mittel;-1.00;0.08;-0.18;-1.10;-0.53;stabil
11501340;Karlshorst Nord;10640;-0.95;-1.06;-1.20;-3.21;-1.09;hoch;-0.89;0.36;0.08;-0.46;-0.22;stabil
11501341;Karlshorst Süd;7252;-1.08;-1.21;-1.32;-3.61;-1.22;hoch;-0.34;0.70;0.25;0.61;0.29;stabil
12100101;Letteplatz;10985;1.06;1.31;1.32;3.69;1.25;niedrig;0.72;-0.85;-0.57;-0.70;-0.34;stabil
12100102;Hausotterplatz;9986;1.10;1.40;1.50;4.00;1.35;niedrig;1.11;-0.31;0.54;1.35;0.65;stabil
12100103;Breitkopfbecken;7702;0.83;1.08;1.18;3.09;1.05;niedrig;-0.21;-0.84;-0.77;-1.82;-0.87;stabil
12100204;Schäfersee;8869;0.69;0.95;1.30;2.94;0.99;mittel;-0.40;-0.48;-0.88;-1.76;-0.85;stabil
12100205;Teichstraße;14057;0.67;0.81;0.91;2.39;0.81;mittel;0.12;-1.01;-1.27;-2.16;-1.04;positiv
12100206;Humboldtstraße;4661;0.13;0.05;0.21;0.39;0.13;mittel;0.28;-0.25;-0.41;-0.39;-0.19;stabil
12200307;Reinickes Hof;2753;1.09;0.61;0.77;2.47;0.83;mittel;1.06;-1.50;-1.94;-2.39;-1.15;positiv
12200308;Meller Bogen;5667;0.60;0.34;0.77;1.70;0.58;mittel;0.86;-0.77;0.15;0.24;0.12;stabil
12200309;Scharnweberstraße;10629;1.47;1.50;1.77;4.74;1.60;sehr niedrig;0.26;-1.58;-0.83;-2.15;-1.03;positiv
12200310;Klixstraße;8270;1.78;2.21;2.11;6.10;2.07;sehr niedrig;0.81;-0.95;0.65;0.51;0.25;stabil
12200411;Schumacher-Quartier;393;0.60;0.58;0.75;1.93;0.65;mittel;-1.41;1.01;-1.09;-1.49;-0.72;stabil
12200412;Waldidyll/Flughafensee;6355;-0.81;-0.53;-0.40;-1.74;-0.59;mittel;-1.28;0.54;-0.12;-0.86;-0.41;stabil
12200413;Tegel Süd;8091;1.06;1.22;1.09;3.37;1.14;niedrig;0.32;0.06;0.56;0.93;0.45;stabil
12200414;TXL;1428;-0.46;-0.17;0.37;-0.26;-0.09;mittel;-0.76;1.48;1.01;1.74;0.84;stabil
12200515;Alt-Tegel;10959;-0.60;-0.58;-0.37;-1.54;-0.52;mittel;-0.53;0.25;0.01;-0.26;-0.13;stabil
12400616;Konradshöhe/Tegelort;6011;-1.25;-1.20;-1.14;-3.59;-1.22;hoch;-0.89;0.77;0.50;0.37;0.18;stabil
12400617;Alt-Heiligensee;6871;-1.30;-1.22;-1.35;-3.87;-1.31;hoch;-0.69;-0.05;-0.24;-0.98;-0.47;stabil
12400618;Heiligensee Nord;3764;-1.32;-1.06;-1.11;-3.48;-1.18;hoch;-1.31;0.58;-0.07;-0.80;-0.38;stabil
12400619;Heiligensee;7730;-1.26;-1.07;-1.08;-3.41;-1.15;hoch;-0.79;1.04;0.52;0.77;0.37;stabil
12400720;Frohnau West;8662;-1.36;-1.22;-1.25;-3.83;-1.29;hoch;-1.23;0.87;0.31;-0.05;-0.02;stabil
12400721;Frohnau Ost;8027;-1.31;-1.14;-1.19;-3.64;-1.23;hoch;-1.29;0.87;0.16;-0.26;-0.13;stabil
12400722;Hermsdorf West;8608;-1.13;-1.15;-1.22;-3.50;-1.19;hoch;-0.78;0.56;0.40;0.18;0.09;stabil
12400723;Hermsdorf Ost/Waldsee;8118;-1.23;-1.12;-1.09;-3.43;-1.16;hoch;-0.81;0.42;0.02;-0.37;-0.18;stabil
12500824;Ziekowstraße/Freie Scholle;9665;-0.55;-0.61;-0.68;-1.84;-0.62;mittel;-0.35;-0.02;-0.29;-0.66;-0.32;stabil
12500825;Borsigwalde;6750;0.01;-0.12;-0.02;-0.13;-0.04;mittel;-0.29;-0.33;-1.45;-2.07;-1.00;stabil
12500926;Wittenau Mitte;5065;0.48;-0.08;0.22;0.63;0.21;mittel;0.13;-0.52;-1.28;-1.67;-0.80;stabil
12500927;Wittenau Nord;6434;-0.64;-0.55;-0.23;-1.41;-0.48;mittel;-0.08;0.44;0.42;0.77;0.37;stabil
12500928;Waidmannslust;5166;-0.70;-0.82;-0.74;-2.27;-0.77;mittel;-0.46;0.74;1.12;1.40;0.67;stabil
12500929;Lübars;5160;-1.17;-1.19;-1.22;-3.58;-1.21;hoch;-1.09;0.46;0.32;-0.31;-0.15;stabil
12500930;Wittenau Süd;9936;-0.02;0.01;0.35;0.33;0.11;mittel;-0.44;-0.74;0.03;-1.15;-0.55;stabil
12601031;Lübarser Straße;3310;-0.31;-0.44;-0.18;-0.94;-0.32;mittel;-0.94;0.37;0.12;-0.44;-0.21;stabil
12601032;Rollbergesiedlung;5922;1.92;3.06;2.44;7.42;2.51;sehr niedrig;0.58;-0.96;0.01;-0.37;-0.18;stabil
12601133;Treuenbrietzener Straße;11610;1.99;2.46;1.79;6.24;2.11;sehr niedrig;1.90;-2.19;-1.15;-1.45;-0.70;stabil
12601134;Märkisches Zentrum;14722;1.48;1.73;1.62;4.83;1.64;sehr niedrig;0.90;-1.54;-1.25;-1.90;-0.91;stabil
12601235;Dannenwalder Weg;10656;1.56;2.33;1.68;5.57;1.88;sehr niedrig;0.74;-0.83;-0.76;-0.86;-0.41;stabil
12601236;Schorfheidestraße;3131;-0.77;-0.54;-0.31;-1.62;-0.55;mittel;-0.62;-0.87;-1.36;-2.84;-1.37;positiv